Name,"Attribute 1 name","Attribute 1 value(s)","Attribute 1 visible","Attribute 1 global","Attribute 2 name","Attribute 2 value(s)","Attribute 2 visible","Attribute 2 global"
"Jean Paul Gaultier - Le Male",ბრენდი,"Jean Paul Gaultier",1,1,,,,
"Dior - Sauvage",მოცულობა,100ML,1,1,ბრენდი,Dior,1,1
"Tom Ford - Oud Wood",ბრენდი,"Tom Ford",1,1,მოცულობა,100ML,1,1
"Tom Ford - Bitter Peach",ბრენდი,"Tom Ford",1,1,მოცულობა,100ML,1,1
"Tom Ford - Vanilla S*x",ბრენდი,"Tom Ford",1,1,მოცულობა,100ML,1,1
"Tom Ford - F*cking Fabulous",ბრენდი,"Tom Ford",1,1,მოცულობა,100ML,1,1
"Mancera - Red Tobacco",ბრენდი,Mancera,1,1,მოცულობა,120ML,1,1
"Moschino - Toy Boy",ბრენდი,Moschino,1,1,მოცულობა,100ML,1,1
"Moschino - Toy 2",ბრენდი,Moschino,1,1,მოცულობა,100ML,1,1
"Carolina Herrera - Good Girl Supreme",ბრენდი,"Carolina Herrera",1,1,მოცულობა,80ML,1,1
"Paco Rabanne - Phantom",ბრენდი,"Paco Rabanne",1,1,მოცულობა,100ML,1,1
"Narciso Rodriguez - Poudree",ბრენდი,Narciso,1,1,მოცულობა,90ML,1,1
"Narciso Rodriguez - For Her",ბრენდი,Narciso,1,1,მოცულობა,100ML,1,1
"Narciso Rodriguez - For Her",ბრენდი,Narciso,1,1,მოცულობა,100ML,1,1
"Narciso Rodriguez - Rouge",ბრენდი,Narciso,1,1,მოცულობა,90ML,1,1
"Burberry - Weekend",ბრენდი,Burberry,1,1,მოცულობა,90ML,1,1
"Dior - Miss Dior (EDP)",ბრენდი,Dior,1,1,მოცულობა,100ML,1,1
"Armani - Si",ბრენდი,Armani,1,1,მოცულობა,100ML,1,1
"Armani - Si Intense",ბრენდი,Armani,1,1,მოცულობა,100ML,1,1
"Maison Francis Kurkdjian - Baccarat Rouge 540 Eau De Parfum",ბრენდი,"Maison Francis Kurkdjian",1,1,მოცულობა,75ML,1,1
"Maison Francis Kurkdjian - Oud Satin Mood",ბრენდი,"Maison Francis Kurkdjian",1,1,მოცულობა,75ML,1,1
"Armani - Stronger With You Absolutely",ბრენდი,Armani,1,1,მოცულობა,100ML,1,1
"Armani - Stronger With You Intensely",ბრენდი,Armani,1,1,მოცულობა,100ML,1,1
"Armani - Stronger With You",ბრენდი,Armani,1,1,მოცულობა,100ML,1,1
"Jean Paul Gaultier - Scandal Gold",ბრენდი,"Jean Paul Gaultier",1,1,მოცულობა,100ML,1,1
"Dior - J'adore",ბრენდი,Dior,1,1,მოცულობა,100ML,1,1
"Chanel - N5",ბრენდი,Chanel,1,1,მოცულობა,100ML,1,1
"Chanel - Chance Eau Tendre",ბრენდი,Chanel,1,1,მოცულობა,100ML,1,1
"Yves Saint Laurent - Y",ბრენდი,"Yves Saint Laurent",1,1,მოცულობა,100ML,1,1
"Versace - Eros",ბრენდი,Versace,1,1,მოცულობა,100ML,1,1
"Chanel - Bleu de Chanel",ბრენდი,Chanel,1,1,მოცულობა,100ML,1,1
"Dolce & Gabbana - K",ბრენდი,"Dolce & Gabanna",1,1,მოცულობა,100ML,1,1
"Boss - Bottled Night",ბრენდი,Boss,1,1,მოცულობა,100ML,1,1
"Orto Parisi - Seminalis",ბრენდი,"Orto Parisi",1,1,მოცულობა,50ML,1,1
"Orto Parisi - Brutus",ბრენდი,"Orto Parisi",1,1,მოცულობა,50ML,1,1
"Orto Parisi - Cuoium",ბრენდი,"Orto Parisi",1,1,მოცულობა,50ML,1,1
"Orto Parisi - Stercus",ბრენდი,"Orto Parisi",1,1,მოცულობა,50ML,1,1
"Orto Parisi - Terroni",ბრენდი,"Orto Parisi",1,1,მოცულობა,50ML,1,1
"Nasomatto - Black Afgano",ბრენდი,Nasomatto,1,1,მოცულობა,30ML,1,1
"Creed - Aventus",ბრენდი,Creed,1,1,მოცულობა,100ML,1,1
"Prada - Black Luna Rossa",ბრენდი,Prada,1,1,მოცულობა,100ML,1,1
"Dior - Fahrenheit",ბრენდი,Dior,1,1,მოცულობა,100ML,1,1
"Tiziana Terenzi - Kirke",ბრენდი,"Tiziana Terenzi",1,1,მოცულობა,100ML,1,1
"Tom Ford - Lost Cherry",ბრენდი,"Tom Ford",1,1,მოცულობა,100ML,1,1
"Marc Antoine Barrois - Ganymede",ბრენდი,"Marc Antoine Barrois",1,1,მოცულობა,100ML,1,1
"Initio - Side Effect",ბრენდი,Initio,1,1,მოცულობა,90ML,1,1
"Initio - Oud For Happiness",ბრენდი,Initio,1,1,მოცულობა,90ML,1,1
"Tom Ford - Ombre Leather",ბრენდი,"Tom Ford",1,1,მოცულობა,100ML,1,1
"Kilian - Roses On Ice",ბრენდი,Kilian,1,1,მოცულობა,50ML,1,1
"Xerjoff - More Than Words",ბრენდი,Xerjoff,1,1,მოცულობა,100ML,1,1
"Xerjoff - Oud Stars Luxor",ბრენდი,Xerjoff,1,1,მოცულობა,100ML,1,1
"Xerjoff - Accento",ბრენდი,Xerjoff,1,1,მოცულობა,100ML,1,1
"Trussardi - Behind The Curtain",ბრენდი,Trussardi,1,1,მოცულობა,100ML,1,1
"Trussardi - Limitless Shopping",ბრენდი,Trussardi,1,1,მოცულობა,100ML,1,1
"Trussardi - Via Fiori Chiari",ბრენდი,Trussardi,1,1,მოცულობა,100ML,1,1
"Parfums de Marly - Delina",ბრენდი,"Parfums de Marly",1,1,მოცულობა,100ML,1,1
"Parfums de Marly - Layton",ბრენდი,"Parfums de Marly",1,1,მოცულობა,120ML,1,1
"Parfums de Marly - Pegasus",ბრენდი,"Parfums de Marly",1,1,მოცულობა,100ML,1,1
"Viktor&Rolf - Spicebomb Extreme",ბრენდი,Viktor&Rolf,1,1,მოცულობა,100ML,1,1
"Bottega Veneta - XV Salvia Blu",ბრენდი,"Bottega Veneta",1,1,მოცულობა,100ML,1,1
"Bottega Veneta - V Lauro",ბრენდი,"Bottega Veneta",1,1,მოცულობა,100ML,1,1
"Bottega Veneta - VII Lilla",ბრენდი,"Bottega Veneta",1,1,მოცულობა,100ML,1,1
"Valentino - Pink PP",ბრენდი,Valentino,1,1,მოცულობა,100ML,1,1
"Azzaro - Wanted By Night",ბრენდი,Azzaro,1,1,მოცულობა,100ML,1,1
"Yves Saint Laurent - Black Opium Intense",ბრენდი,"Yves Saint Laurent",1,1,მოცულობა,100ML,1,1
"Yves Saint Laurent - Black Opium Extreme",ბრენდი,"Yves Saint Laurent",1,1,მოცულობა,100ML,1,1
"Tom Ford - Vanille Fatale",ბრენდი,"Tom Ford",1,1,მოცულობა,100ML,1,1
"Tom Ford - Soleil Brulant",ბრენდი,"Tom Ford",1,1,მოცულობა,100ML,1,1
"Tom Ford - Santal Blush",ბრენდი,"Tom Ford",1,1,მოცულობა,100ML,1,1
"Byredo - Marijuana",ბრენდი,Byredo,1,1,მოცულობა,100ML,1,1
"Byredo - Super Cedar",ბრენდი,Byredo,1,1,მოცულობა,100ML,1,1
"Byredo - Black Saffron",ბრენდი,Byredo,1,1,მოცულობა,100ML,1,1
"Byredo - Blanche",ბრენდი,Byredo,1,1,მოცულობა,100ML,1,1
"Tom Ford - Noir Extreme",ბრენდი,"Tom Ford",1,1,მოცულობა,100ML,1,1
"Orto Parisi - Viride",ბრენდი,"Orto Parisi",1,1,მოცულობა,50ML,1,1
"Xerjoff - Naxos 1861",ბრენდი,Xerjoff,1,1,მოცულობა,100ML,1,1
"Jean Paul Gaultier - Le Beau EDT",ბრენდი,"Jean Paul Gaultier",1,1,მოცულობა,75ML,1,1
"Jean Paul Gaultier - Divine",ბრენდი,"Jean Paul Gaultier",1,1,მოცულობა,100ML,1,1
"Jean Paul Gaultier - Scandal",ბრენდი,"Jean Paul Gaultier",1,1,მოცულობა,100ML,1,1
"Jean Paul Gaultier - Scandal Pour Homme",ბრენდი,"Jean Paul Gaultier",1,1,მოცულობა,100ML,1,1
"Givenchy - Gentleman",ბრენდი,Givenchy,1,1,მოცულობა,100ML,1,1
"Givenchy - Society",ბრენდი,Givenchy,1,1,მოცულობა,100ML,1,1
"Tiziana Terenzi - Andromeda",ბრენდი,"Tiziana Terenzi",1,1,მოცულობა,100ML,1,1
"Kilian - Good Girl Gone Bad Extreme",ბრენდი,Kilian,1,1,მოცულობა,50ML,1,1
"Kilian - Black Phantom",ბრენდი,Kilian,1,1,მოცულობა,50ML,1,1
"Maison Francis Kurkdjian - Grand Soir",ბრენდი,"Maison Francis Kurkdjian",1,1,მოცულობა,75ML,1,1
"Maison Francis Kurkdjian - 724",ბრენდი,"Maison Francis Kurkdjian",1,1,მოცულობა,75ML,1,1
"Marc Antoine Barrois - Encelade",ბრენდი,"Marc Antoine Barrois",1,1,მოცულობა,100ML,1,1
"Jean Paul Gaultier - Le Male Elixir",ბრენდი,"Jean Paul Gaultier",1,1,მოცულობა,120ML,1,1
"Jean Paul Gaultier - La Belle",ბრენდი,"Jean Paul Gaultier",1,1,მოცულობა,100ML,1,1
"Dior - Sauvage Elixir",ბრენდი,Dior,1,1,მოცულობა,60ML,1,1
"Kilian - Rolling In Love",ბრენდი,Kilian,1,1,მოცულობა,50ML,1,1
"Kilian - Good Girl Gone Bad",ბრენდი,Kilian,1,1,მოცულობა,50ML,1,1
"Tom Ford - Black Orchid",ბრენდი,"Tom Ford",1,1,მოცულობა,100ML,1,1
"Jean Paul Gaultier - Le Beau EDP",ბრენდი,"Jean Paul Gaultier",1,1,მოცულობა,75ML,1,1
"Orto Parisi - Boccanera",ბრენდი,"Orto Parisi",1,1,მოცულობა,50ML,1,1
"Tom Ford - Noir",ბრენდი,"Tom Ford",1,1,მოცულობა,100ML,1,1
"Byredo - Vanille Antique",ბრენდი,Byredo,1,1,მოცულობა,100ML,1,1
"Tom Ford - Rose Prick",ბრენდი,"Tom Ford",1,1,მოცულობა,100ML,1,1
"Tom Ford - Costa Azzurra",ბრენდი,"Tom Ford",1,1,მოცულობა,100ML,1,1
"Yves Saint Laurent - Black Opium",ბრენდი,"Yves Saint Laurent",1,1,მოცულობა,100ML,1,1
"Valentino - Donna Coral Fantasy",ბრენდი,Valentino,1,1,მოცულობა,100ML,1,1
"Bottega Veneta - IX Violetta",ბრენდი,"Bottega Veneta",1,1,მოცულობა,100ML,1,1
"Trussardi - Passeggiata In Galleria",ბრენდი,Trussardi,1,1,მოცულობა,100ML,1,1
"Trussardi - Musc Noir",ბრენდი,Trussardi,1,1,მოცულობა,100ML,1,1
"Xerjoff - Erba Pura",ბრენდი,Xerjoff,1,1,მოცულობა,100ML,1,1
"Kilian - Angels' Share",ბრენდი,Kilian,1,1,მოცულობა,50ML,1,1
"Initio - Musk Therapy",ბრენდი,Initio,1,1,მოცულობა,90ML,1,1
"Tom Ford - Tobacco Vanille",ბრენდი,"Tom Ford",1,1,მოცულობა,100ML,1,1
"Molecule - 02",ბრენდი,Molecule,1,1,მოცულობა,100ML,1,1
"Creed - Viking",ბრენდი,Creed,1,1,მოცულობა,100ML,1,1
"Orto Parisi - Megamare",ბრენდი,"Orto Parisi",1,1,მოცულობა,50ML,1,1
"Orto Parisi - Bergamask",ბრენდი,"Orto Parisi",1,1,მოცულობა,50ML,1,1
"Davidoff - Cool Water",ბრენდი,Davidoff,1,1,მოცულობა,100ML,1,1
"Armani - Acqua di Gio",ბრენდი,Armani,1,1,მოცულობა,100ML,1,1
"Paco Rabanne - 1 Million",ბრენდი,"Paco Rabanne",1,1,მოცულობა,100ML,1,1
"Yves Saint Laurent - Libre",ბრენდი,"Yves Saint Laurent",1,1,მოცულობა,100ML,1,1
"Armani - My Way Intense",ბრენდი,Armani,1,1,მოცულობა,100ML,1,1
"Maison Francis Kurkdjian - Baccarat Rouge 540 Extrait De Parfum",ბრენდი,"Maison Francis Kurkdjian",1,1,მოცულობა,75ML,1,1
"Armani - Si Passione",ბრენდი,Armani,1,1,მოცულობა,100ML,1,1
"Burberry - My Burberry",ბრენდი,Burberry,1,1,მოცულობა,90ML,1,1
"Paco Rabanne - Fame",ბრენდი,"Paco Rabanne",1,1,მოცულობა,90ML,1,1
"Carolina Herrera - Very Good Girl",ბრენდი,"Carolina Herrera",1,1,მოცულობა,80ML,1,1
"Moschino - Toy 2 Bubble Gum",ბრენდი,Moschino,1,1,მოცულობა,100ML,1,1
"Jean Paul Gaultier - Le Male Le Parfum",ბრენდი,"Jean Paul Gaultier",1,1,მოცულობა,120ML,1,1
"Zadig & Voltaire - This is Him",ბრენდი,"Zadig & Voltaire",1,1,მოცულობა,100ML,1,1
"Zadig & Voltaire - This is Her",ბრენდი,"Zadig & Voltaire",1,1,მოცულობა,100ML,1,1
"Zadig & Voltaire - This is Her! Undressed",ბრენდი,"Zadig & Voltaire",1,1,მოცულობა,100ML,1,1
"Zadig & Voltaire - This is Him! Vibes of Freedom",ბრენდი,"Zadig & Voltaire",1,1,მოცულობა,100ML,1,1
"Zadig & Voltaire - This is Us!",ბრენდი,"Zadig & Voltaire",1,1,მოცულობა,100ML,1,1
"Prada - Paradoxe Intense",ბრენდი,Prada,1,1,მოცულობა,90ML,1,1
"Yves Saint Laurent - La Nuit de l'Homme",ბრენდი,"Yves Saint Laurent",1,1,მოცულობა,100ML,1,1
"Givenchy - L'Interdit Eau de Parfum Rouge",ბრენდი,Givenchy,1,1,მოცულობა,100ML,1,1
"Roja - Danger Pour Homme",ბრენდი,Roja,1,1,მოცულობა,50ML,1,1
"Roja - Ahlam",ბრენდი,Roja,1,1,მოცულობა,50ML,1,1
"Amouage - Honor Man",ბრენდი,Amouage,1,1,მოცულობა,100ML,1,1
"Amouage - Interlude Woman",ბრენდი,Amouage,1,1,მოცულობა,100ML,1,1
"Molecule - 04",მოცულობა,100ML,1,1,ბრენდი,Molecule,1,1
"Molecule - 05",ბრენდი,Molecule,1,1,მოცულობა,100ML,1,1
"Montblanc - Legend",ბრენდი,Montblanc,1,1,მოცულობა,100ML,1,1
"Montblanc - Legend Red",ბრენდი,Montblanc,1,1,მოცულობა,100ML,1,1
"Boss - Just Different",ბრენდი,Boss,1,1,მოცულობა,100ML,1,1
"Bvlgari - Man In Black",ბრენდი,Bvlgari,1,1,მოცულობა,100ML,1,1
"Bvlgari - Wood Essence",ბრენდი,Bvlgari,1,1,მოცულობა,100ML,1,1
"Bvlgari - BLV Pour Homme",ბრენდი,Bvlgari,1,1,მოცულობა,100ML,1,1
"Carolina Herrera - 212 VIP Black",ბრენდი,"Carolina Herrera",1,1,მოცულობა,100ML,1,1
"Paco Rabanne - 1 Million Parfum",ბრენდი,"Paco Rabanne",1,1,მოცულობა,100ML,1,1
"Paco Rabanne - Pure XS",ბრენდი,"Paco Rabanne",1,1,მოცულობა,100ML,1,1
"Paco Rabanne - Pure XS For Her",ბრენდი,"Paco Rabanne",1,1,მოცულობა,100ML,1,1
"Burberry - Hero",ბრენდი,Burberry,1,1,მოცულობა,100ML,1,1
"Dolce&Gabbana - Light Blue",ბრენდი,"Dolce & Gabanna",1,1,მოცულობა,100ML,1,1
"Dolce&Gabbana - The Only One 2",ბრენდი,"Dolce & Gabanna",1,1,მოცულობა,100ML,1,1
"Dolce&Gabbana - The Only One",ბრენდი,"Dolce & Gabanna",1,1,მოცულობა,100ML,1,1
"Paco Rabanne - Invictus",ბრენდი,"Paco Rabanne",1,1,მოცულობა,100ML,1,1
"Versace - Eros Flame",ბრენდი,Versace,1,1,მოცულობა,100ML,1,1
"Armani - Code",ბრენდი,Armani,1,1,მოცულობა,100ML,1,1
"Dior - Homme Intense",ბრენდი,Dior,1,1,მოცულობა,100ML,1,1
"Chanel - Allure Homme Sport",ბრენდი,Chanel,1,1,მოცულობა,100ML,1,1
"Chanel - Allure Homme",ბრენდი,Chanel,1,1,მოცულობა,100ML,1,1
"Trussardi - Donna",ბრენდი,Trussardi,1,1,მოცულობა,100ML,1,1
"Paco Rabanne - Olympea",ბრენდი,"Paco Rabanne",1,1,მოცულობა,100ML,1,1
"Le Labo - Santal 33",ბრენდი,"Le Labo",1,1,მოცულობა,50ML,1,1
"Marc Jacobs - Daisy",ბრენდი,"Marc Jacobs",1,1,მოცულობა,100ML,1,1
"Hermes - Merveilles",ბრენდი,Hermes,1,1,მოცულობა,100ML,1,1
"Mugler - Aura",ბრენდი,Mugler,1,1,მოცულობა,100ML,1,1
"Calvin Klein - Euphoria",ბრენდი,"Calvin Klein",1,1,მოცულობა,100ML,1,1
"Dior - Addict Eau Fraiche",ბრენდი,Dior,1,1,მოცულობა,50ML,1,1
"Dior - Addict Eau De Parfum",ბრენდი,Dior,1,1,მოცულობა,50ML,1,1
"Dior - Joy Intense",ბრენდი,Dior,1,1,მოცულობა,90ML,1,1
"Dior - Joy",ბრენდი,Dior,1,1,მოცულობა,90ML,1,1
"Lancome - Idole",ბრენდი,Lancome,1,1,მოცულობა,100ML,1,1
"Bvlgari - Omnia Crystalline",ბრენდი,Bvlgari,1,1,მოცულობა,100ML,1,1
"Creed - Wind Flowers",ბრენდი,Creed,1,1,მოცულობა,75ML,1,1
"Dolce&Gabbana - The One",ბრენდი,"Dolce & Gabanna",1,1,მოცულობა,100ML,1,1
"Chanel - Coco Eau de Parfum",ბრენდი,Chanel,1,1,მოცულობა,100ML,1,1
"Chanel - Allure Sensuelle",ბრენდი,Chanel,1,1,მოცულობა,100ML,1,1
"Chanel - Cristalle",ბრენდი,Chanel,1,1,მოცულობა,100ML,1,1
"Chanel - Gabrielle",ბრენდი,Chanel,1,1,მოცულობა,100ML,1,1
"Chanel - Chance Eau de Parfum",ბრენდი,Chanel,1,1,მოცულობა,100ML,1,1
"Chanel - Chance Eau Fraiche",ბრენდი,Chanel,1,1,მოცულობა,100ML,1,1
"Dior - Miss Dior Blooming Bouquet",ბრენდი,Dior,1,1,მოცულობა,100ML,1,1
"Sospiro - Erba Pura",ბრენდი,Sospiro,1,1,მოცულობა,100ML,1,1
"Sospiro - Opera",ბრენდი,Sospiro,1,1,მოცულობა,100ML,1,1
"Mancera - Coco Vanille",ბრენდი,Mancera,1,1,მოცულობა,120ML,1,1
"Mancera - Vanille Exclusive",ბრენდი,Mancera,1,1,მოცულობა,120ML,1,1
"Mancera - Tonka Cola",ბრენდი,Mancera,1,1,მოცულობა,120ML,1,1
"Kilian - Bad Boys Are No Good But Good Boys Are No Fun",ბრენდი,Kilian,1,1,მოცულობა,100ML,1,1
"Xerjoff - Opera",ბრენდი,Xerjoff,1,1,მოცულობა,100ML,1,1
"Lancome - Magie Noire",ბრენდი,Lancome,1,1,მოცულობა,50ML,1,1
"Lancome - Climat",ბრენდი,Lancome,1,1,მოცულობა,14ML,1,1
"Versace - Crystal Noir",ბრენდი,Versace,1,1,მოცულობა,90ML,1,1
"Versace - Bright Crystal",ბრენდი,Versace,1,1,მოცულობა,90ML,1,1
"Versace - Bright Crystal Absolu",ბრენდი,Versace,1,1,მოცულობა,90ML,1,1
"Versace - Dylan Blue Femme",ბრენდი,Versace,1,1,მოცულობა,90ML,1,1
"Versace - Pour Femme Dylan Purple",ბრენდი,Versace,1,1,მოცულობა,90ML,1,1
"Marc Jacobs - Decadence Rouge Noir Edition",ბრენდი,"Marc Jacobs",1,1,მოცულობა,100ML,1,1
"Marc Jacobs - Decadence",ბრენდი,"Marc Jacobs",1,1,მოცულობა,100ML,1,1
"Burberry - Her London Dream",ბრენდი,Burberry,1,1,მოცულობა,100ML,1,1
"Burberry - Goddess",ბრენდი,Burberry,1,1,მოცულობა,100ML,1,1
"Dolce & Gabbana - Q",ბრენდი,"Dolce & Gabanna",1,1,მოცულობა,100ML,1,1
"Gucci - Bloom",ბრენდი,Gucci,1,1,მოცულობა,100ML,1,1
"Gucci - Flora Gorgeous Orchid",ბრენდი,Gucci,1,1,მოცულობა,100ML,1,1
"Gucci - Flora Gorgeous Jasmine",ბრენდი,Gucci,1,1,მოცულობა,100ML,1,1
"Gucci - Flora Gorgeous Gardenia",ბრენდი,Gucci,1,1,მოცულობა,100ML,1,1
"Louis Vuitton - Matiere Noire",ბრენდი,"Louis Vuitton",1,1,მოცულობა,100ML,1,1
"Louis Vuitton - Ombre Nomade",ბრენდი,"Louis Vuitton",1,1,მოცულობა,100ML,1,1
"Louis Vuitton - Orage",ბრენდი,"Louis Vuitton",1,1,მოცულობა,100ML,1,1
"Louis Vuitton - Cactus Garden",ბრენდი,"Louis Vuitton",1,1,მოცულობა,100ML,1,1
"Louis Vuitton - Apogee",ბრენდი,"Louis Vuitton",1,1,მოცულობა,100ML,1,1
"Louis Vuitton - Attrape-Reves",ბრენდი,"Louis Vuitton",1,1,მოცულობა,100ML,1,1
"Memo - Italian Leather",ბრენდი,Memo,1,1,მოცულობა,100ML,1,1
"Memo - Russian Leather",ბრენდი,Memo,1,1,მოცულობა,100ML,1,1
"Marc Antoine Barrois - Tilia",ბრენდი,"Marc Antoine Barrois",1,1,მოცულობა,100ML,1,1
"Yves Saint Laurent - Libre Intense",ბრენდი,"Yves Saint Laurent",1,1,მოცულობა,100ML,1,1
"Maison Margiela - Beach Walk",ბრენდი,"Maison Margiela",1,1,მოცულობა,100ML,1,1
"Maison Margiela - When the Rain Stops",ბრენდი,"Maison Margiela",1,1,მოცულობა,100ML,1,1
"Maison Margiela - Coffee Break",ბრენდი,"Maison Margiela",1,1,მოცულობა,100ML,1,1
"Maison Margiela - Under The Lemon Trees",ბრენდი,"Maison Margiela",1,1,მოცულობა,100ML,1,1
"Maison Margiela - Jazz Club",ბრენდი,"Maison Margiela",1,1,მოცულობა,100ML,1,1
"Creed - Queen Of Silk",ბრენდი,Creed,1,1,მოცულობა,75ML,1,1
